ID,Estrato_socioeconomico,Tarifa_servicios_publicos,Ingreso_estimado,Tipo_infracción,Valor_multa,Porcentaje_carga,Porcentaje_salvaguarda
1,5,187069,10448423,Mal parqueo,400000,3.828328925810144,3.828328925810144
2,2,61024,2954913,Mal parqueo,400000,13.536777563332661,10.0
3,3,135388,5237954,Mal parqueo,400000,7.636569546047942,7.636569546047942
4,5,217118,13022886,Exceso de velocidad,500000,3.839394739384189,3.839394739384189
5,2,95889,3125688,No usar cinturón,300000,9.597886929213665,9.597886929213665
6,5,155677,11740780,Semáforo en rojo,800000,6.813857341675766,6.813857341675766
7,5,152132,9203928,Semáforo en rojo,800000,8.691941092976824,8.691941092976824
8,2,83963,3516592,No usar cinturón,300000,8.530986819056633,8.530986819056633
9,2,86973,3968151,No usar cinturón,300000,7.560196171970271,7.560196171970271
10,3,135796,4487340,Uso de celular,460000,10.251061876300883,10.0
11,2,90122,2897116,Mal parqueo,400000,13.806834106746157,10.0
12,3,93861,5087747,Uso de celular,460000,9.041330081861382,9.041330081861382
13,3,98239,5494351,Uso de celular,460000,8.372235410515273,8.372235410515273
14,4,160042,7652927,Exceso de velocidad,500000,6.533447921298609,6.533447921298609
15,4,159525,5977064,Mal parqueo,400000,6.692248903475018,6.692248903475018
16,6,182314,22252621,Semáforo en rojo,800000,3.5950821253819947,3.5950821253819947
17,1,44926,2068294,Semáforo en rojo,800000,38.67922065238307,10.0
18,6,250948,20481382,Semáforo en rojo,800000,3.9059864222052987,3.9059864222052987
19,3,128651,5680907,Semáforo en rojo,800000,14.082258343606046,10.0
20,5,160526,12997686,Exceso de velocidad,500000,3.8468385834216954,3.8468385834216954
21,3,111636,4437700,Mal parqueo,400000,9.013678256754625,9.013678256754625
22,2,98407,3849723,Semáforo en rojo,800000,20.780715911248677,10.0
23,5,206755,12249879,Exceso de velocidad,500000,4.0816729699942345,4.0816729699942345
24,2,62440,2964450,Semáforo en rojo,800000,26.98645617230852,10.0
25,3,99987,5624095,Uso de celular,460000,8.179093703075784,8.179093703075784
26,2,95817,3226578,Uso de celular,460000,14.256590108777784,10.0
27,3,139573,5079688,Uso de celular,460000,9.0556742855073,9.0556742855073
28,2,62209,3962076,Semáforo en rojo,800000,20.191434995189393,10.0
29,2,82662,2980663,Exceso de velocidad,500000,16.774791380307,10.0
30,1,35987,2187946,Uso de celular,460000,21.02428487723189,10.0
31,6,268407,17899893,Uso de celular,460000,2.5698477638944546,2.5698477638944546
32,4,153647,7783078,No usar cinturón,300000,3.8545161695668475,3.8545161695668475
33,2,68856,3491437,Uso de celular,460000,13.17509094392939,10.0
34,1,42517,1883771,Uso de celular,460000,24.419104020605477,10.0
35,6,181222,25695481,Exceso de velocidad,500000,1.9458674464976935,1.9458674464976935
36,5,186076,13138631,Exceso de velocidad,500000,3.805571524156512,3.805571524156512
37,2,84348,4340102,Semáforo en rojo,800000,18.43274651148752,10.0
38,6,192732,28265925,Semáforo en rojo,800000,2.830262940271723,2.830262940271723
39,6,276780,22419654,Semáforo en rojo,800000,3.56829770878712,3.56829770878712
40,6,209200,24174390,Semáforo en rojo,800000,3.309287225034427,3.309287225034427
41,2,77127,2937600,No usar cinturón,300000,10.212418300653594,10.0
42,1,35686,1739476,No usar cinturón,300000,17.246573105923854,10.0
43,3,93400,5723838,Semáforo en rojo,800000,13.97663595650331,10.0
44,5,180828,12245163,Mal parqueo,400000,3.2665959611970865,3.2665959611970865
45,2,71483,3199571,Uso de celular,460000,14.376927406830479,10.0
46,2,70276,3799793,Uso de celular,460000,12.105922612100185,10.0
47,6,182554,25637228,Uso de celular,460000,1.794265745110977,1.794265745110977
48,2,62020,3053474,Exceso de velocidad,500000,16.374791467030665,10.0
49,3,136618,5215796,Mal parqueo,400000,7.669011594778629,7.669011594778629
50,4,134763,6424551,No usar cinturón,300000,4.669587026392972,4.669587026392972
51,1,43748,1721856,Semáforo en rojo,800000,46.461492714837945,10.0
52,6,296766,21558235,Mal parqueo,400000,1.855439464316072,1.855439464316072
53,4,141403,8390048,Exceso de velocidad,500000,5.959441471610175,5.959441471610175
54,3,127315,5718408,Mal parqueo,400000,6.994953840299607,6.994953840299607
55,3,103302,4406354,Exceso de velocidad,500000,11.347249903207958,10.0
56,5,246169,12736130,No usar cinturón,300000,2.35550359489107,2.35550359489107
57,5,156020,11475581,No usar cinturón,300000,2.6142467209285525,2.6142467209285525
58,2,81313,2965162,Uso de celular,460000,15.513486278321388,10.0
59,2,76842,3507424,Uso de celular,460000,13.115038273102995,10.0
60,2,70262,3234025,No usar cinturón,300000,9.276366138171474,9.276366138171474
61,2,76624,3032375,Uso de celular,460000,15.169627767014305,10.0
62,2,72666,4184421,Exceso de velocidad,500000,11.949084473096756,10.0
63,6,247061,24726323,Semáforo en rojo,800000,3.235418383881825,3.235418383881825
64,2,92565,3699224,Exceso de velocidad,500000,13.51634829358806,10.0
65,4,145758,6494898,No usar cinturón,300000,4.619010183069849,4.619010183069849
66,6,278486,27055357,No usar cinturón,300000,1.1088377063366786,1.1088377063366786
67,4,122406,7377194,Uso de celular,460000,6.235433147074619,6.235433147074619
68,2,95167,3726018,Uso de celular,460000,12.345619371672385,10.0
69,5,196273,10606448,Mal parqueo,400000,3.7712908223375066,3.7712908223375066
70,5,183323,13789255,Exceso de velocidad,500000,3.6260117025901693,3.6260117025901693
71,3,95512,5035712,Mal parqueo,400000,7.943266016801596,7.943266016801596
72,6,213455,25687323,Semáforo en rojo,800000,3.1143766907902393,3.1143766907902393
73,4,189479,7448756,Semáforo en rojo,800000,10.740048405398163,10.0
74,5,170767,9990585,Exceso de velocidad,500000,5.0047119362880155,5.0047119362880155
75,1,36952,2467685,Semáforo en rojo,800000,32.41904862249436,10.0
76,6,206693,23251350,Exceso de velocidad,500000,2.1504127717315336,2.1504127717315336
77,5,232491,12611483,No usar cinturón,300000,2.3787844776066382,2.3787844776066382
78,6,222442,28068077,Semáforo en rojo,800000,2.8502130730224233,2.8502130730224233
79,1,42050,1824191,Uso de celular,460000,25.216657685516488,10.0
80,4,171301,6379018,Uso de celular,460000,7.211141275976961,7.211141275976961
81,4,130694,7354333,Uso de celular,460000,6.254816038381726,6.254816038381726
82,5,199605,12037092,Mal parqueo,400000,3.323061749465735,3.323061749465735
83,2,93346,3958888,No usar cinturón,300000,7.577885507243448,7.577885507243448
84,2,62842,3991394,No usar cinturón,300000,7.516171041996857,7.516171041996857
85,4,184508,7939269,Exceso de velocidad,500000,6.2978090300253085,6.2978090300253085
86,4,155498,8464871,Semáforo en rojo,800000,9.45082329075068,9.45082329075068
87,1,47052,2477516,Semáforo en rojo,800000,32.29040700443509,10.0
88,2,60424,3351992,Mal parqueo,400000,11.933202704541062,10.0
89,1,38238,1486179,No usar cinturón,300000,20.18599374637914,10.0
90,5,196055,10756448,Uso de celular,460000,4.27650466027447,4.27650466027447
91,4,162425,6391194,No usar cinturón,300000,4.693958593652454,4.693958593652454
92,4,176357,7295668,No usar cinturón,300000,4.112029220627912,4.112029220627912
93,3,106702,5303998,Uso de celular,460000,8.672703119420483,8.672703119420483
94,2,85328,4235588,Mal parqueo,400000,9.443789150408396,9.443789150408396
95,2,85135,3088650,Semáforo en rojo,800000,25.901283732374985,10.0
96,3,119175,5773786,Semáforo en rojo,800000,13.855726554465303,10.0
97,3,144115,5673189,No usar cinturón,300000,5.288031123235979,5.288031123235979
98,3,143464,4888029,Mal parqueo,400000,8.183257505223475,8.183257505223475
99,5,189637,12144114,Semáforo en rojo,800000,6.587553443585921,6.587553443585921
100,4,160236,6763048,Semáforo en rojo,800000,11.828985983834507,10.0
101,5,193379,11382624,No usar cinturón,300000,2.635596150764534,2.635596150764534
102,2,67594,2922222,Semáforo en rojo,800000,27.376427937370945,10.0
103,3,90555,4480691,Semáforo en rojo,800000,17.854388977057333,10.0
104,6,204033,26321687,Uso de celular,460000,1.7476083504830067,1.7476083504830067
105,1,34830,1556709,Uso de celular,460000,29.549517604125114,10.0
106,6,246939,19877996,Uso de celular,460000,2.314116573924253,2.314116573924253
107,1,31103,1600546,Exceso de velocidad,500000,31.239339575369907,10.0
108,6,218094,22118262,Uso de celular,460000,2.079729410927495,2.079729410927495
109,2,62887,3574498,Exceso de velocidad,500000,13.987978172039822,10.0
110,5,249779,12854242,No usar cinturón,300000,2.333859903991227,2.333859903991227
111,6,299433,28679238,Semáforo en rojo,800000,2.7894743925902077,2.7894743925902077
112,2,77517,3049984,Semáforo en rojo,800000,26.22964579486319,10.0
113,5,239768,11728495,Mal parqueo,400000,3.4104972547628662,3.4104972547628662
114,4,140883,6013442,No usar cinturón,300000,4.988823372704019,4.988823372704019
115,5,171146,10036584,Mal parqueo,400000,3.985419740421641,3.985419740421641
116,3,107812,5105682,Uso de celular,460000,9.00957012207184,9.00957012207184
117,2,65577,4045255,No usar cinturón,300000,7.416096142270388,7.416096142270388
118,5,169868,12012749,Uso de celular,460000,3.829265058314296,3.829265058314296
119,2,72751,3640049,Semáforo en rojo,800000,21.97772612401646,10.0
120,2,85200,4225083,Exceso de velocidad,500000,11.834087046337315,10.0
121,6,253309,28602092,No usar cinturón,300000,1.0488743270946754,1.0488743270946754
122,1,44665,2038727,Mal parqueo,400000,19.62008645591097,10.0
123,5,219618,11479092,Exceso de velocidad,500000,4.355745210509681,4.355745210509681
124,5,233617,13091658,Uso de celular,460000,3.5136878766616113,3.5136878766616113
125,3,149656,5788826,Exceso de velocidad,500000,8.637329918017919,8.637329918017919
126,6,188232,20248497,Mal parqueo,400000,1.9754552646549521,1.9754552646549521
127,5,164810,10558955,Uso de celular,460000,4.3564917172201225,4.3564917172201225
128,1,30688,2752348,Exceso de velocidad,500000,18.166307458213858,10.0
129,5,179325,10613321,Exceso de velocidad,500000,4.711060750918586,4.711060750918586
130,3,119298,4351932,Exceso de velocidad,500000,11.489150106205702,10.0
131,4,161978,7901002,Semáforo en rojo,800000,10.125298031819256,10.0
132,5,197185,9104320,Semáforo en rojo,800000,8.787037362482865,8.787037362482865
133,3,96921,5100687,Semáforo en rojo,800000,15.684161760954945,10.0
134,4,169035,7091986,Semáforo en rojo,800000,11.280338116854715,10.0
135,1,42626,2891847,Uso de celular,460000,15.90678898295795,10.0
136,1,38979,2467995,Semáforo en rojo,800000,32.41497652953106,10.0
137,4,183001,6389071,No usar cinturón,300000,4.695518331225306,4.695518331225306
138,3,145112,4798306,No usar cinturón,300000,6.252206507880073,6.252206507880073
139,4,164202,7597587,No usar cinturón,300000,3.9486221085721027,3.9486221085721027
140,6,219798,25531865,Exceso de velocidad,500000,1.958337160250534,1.958337160250534
141,5,163035,13102278,Exceso de velocidad,500000,3.8161302942892834,3.8161302942892834
142,2,83584,3684653,Mal parqueo,400000,10.855839070870447,10.0
143,6,248028,26996882,No usar cinturón,300000,1.1112394386877715,1.1112394386877715
144,5,180926,10941465,Semáforo en rojo,800000,7.311635142094774,7.311635142094774
145,5,159246,12865868,Semáforo en rojo,800000,6.218002547515644,6.218002547515644
146,2,91414,3593381,Exceso de velocidad,500000,13.914472192066468,10.0
147,6,249459,26148372,Exceso de velocidad,500000,1.9121649332509114,1.9121649332509114
148,6,290246,23250415,Semáforo en rojo,800000,3.440798798645099,3.440798798645099
149,3,144035,5385357,No usar cinturón,300000,5.570661332201375,5.570661332201375
150,1,49845,2251752,Mal parqueo,400000,17.76394558548188,10.0
151,3,140674,5438876,Uso de celular,460000,8.457629848520172,8.457629848520172
152,5,243128,9434691,Exceso de velocidad,500000,5.299590627822363,5.299590627822363
153,3,123163,5266523,No usar cinturón,300000,5.696357919636922,5.696357919636922
154,6,276925,16938517,Exceso de velocidad,500000,2.95185227844917,2.95185227844917
155,3,130437,5171599,Exceso de velocidad,500000,9.668189664357193,9.668189664357193
156,5,184652,12051139,Mal parqueo,400000,3.319188335641967,3.319188335641967
157,2,68246,3203059,No usar cinturón,300000,9.3660466447855,9.3660466447855
158,4,141241,7044225,Mal parqueo,400000,5.678410329028388,5.678410329028388
159,4,144856,8219493,Exceso de velocidad,500000,6.083100259346896,6.083100259346896
160,6,192960,15643914,Uso de celular,460000,2.9404406084052876,2.9404406084052876
161,1,45529,2340811,No usar cinturón,300000,12.81607101128626,10.0
162,1,35209,1747986,Mal parqueo,400000,22.88347847179554,10.0
163,4,140912,6531357,Exceso de velocidad,500000,7.655376976025044,7.655376976025044
164,1,32122,1881316,Uso de celular,460000,24.45096942778353,10.0
165,6,293459,27155252,No usar cinturón,300000,1.104758666942218,1.104758666942218
166,3,102814,4443076,Semáforo en rojo,800000,18.005543906968956,10.0
167,5,241455,11262115,No usar cinturón,300000,2.663798052142071,2.663798052142071
168,6,272499,15404614,Mal parqueo,400000,2.5966246216880213,2.5966246216880213
169,4,167886,8581250,No usar cinturón,300000,3.4959941733430444,3.4959941733430444
170,6,204802,20995414,Semáforo en rojo,800000,3.810355918678241,3.810355918678241
171,2,94128,3827487,Exceso de velocidad,500000,13.063401652311294,10.0
172,1,44852,2166883,Uso de celular,460000,21.228649631752152,10.0
173,5,233616,11661485,Semáforo en rojo,800000,6.860189761424038,6.860189761424038
174,1,38427,1571879,No usar cinturón,300000,19.085438510216118,10.0
175,1,41084,2697920,Uso de celular,460000,17.050171984343493,10.0
176,6,222147,17585527,Semáforo en rojo,800000,4.549195483308519,4.549195483308519
177,2,74201,4068160,Semáforo en rojo,800000,19.664909934712497,10.0
178,3,141311,4835515,Uso de celular,460000,9.512947431659295,9.512947431659295
179,4,123650,7132802,No usar cinturón,300000,4.205920758770536,4.205920758770536
180,2,92200,3369459,Uso de celular,460000,13.652043250860151,10.0
181,3,113889,5637789,Exceso de velocidad,500000,8.868724955829316,8.868724955829316
182,3,123995,4479127,No usar cinturón,300000,6.697733732488496,6.697733732488496
183,4,138771,6141339,Exceso de velocidad,500000,8.14154698185526,8.14154698185526
184,6,218268,20508925,Mal parqueo,400000,1.9503703875264062,1.9503703875264062
185,4,177644,5831298,No usar cinturón,300000,5.144652185499695,5.144652185499695
186,4,152799,8583879,Exceso de velocidad,500000,5.82487241490706,5.82487241490706
187,2,74754,3053971,Mal parqueo,400000,13.097701320673968,10.0
188,1,41093,2471880,Mal parqueo,400000,16.182015308186482,10.0
189,3,94115,4865077,No usar cinturón,300000,6.166397777465804,6.166397777465804
190,1,35617,2093924,Uso de celular,460000,21.968323587675577,10.0
191,3,113653,5553472,Uso de celular,460000,8.283106496260357,8.283106496260357
192,4,139876,8097271,Mal parqueo,400000,4.939935936440809,4.939935936440809
193,5,231122,13866830,Semáforo en rojo,800000,5.769162815149533,5.769162815149533
194,6,254794,19177028,Exceso de velocidad,500000,2.607286175939254,2.607286175939254
195,1,41209,1780129,No usar cinturón,300000,16.85271123609581,10.0
196,6,276438,17854436,Mal parqueo,400000,2.2403395996378714,2.2403395996378714
197,5,239467,10835308,No usar cinturón,300000,2.768726094357447,2.768726094357447
198,3,147355,5688855,Semáforo en rojo,800000,14.062583771250981,10.0
199,1,30903,2552938,Uso de celular,460000,18.018455599000056,10.0
200,1,47585,2865767,Exceso de velocidad,500000,17.447336088384017,10.0
201,5,206044,9355563,No usar cinturón,300000,3.2066482797454303,3.2066482797454303
202,4,164144,8618674,Exceso de velocidad,500000,5.801356449959704,5.801356449959704
203,6,297677,27607365,Mal parqueo,400000,1.4488887295111286,1.4488887295111286
204,2,72621,3000109,No usar cinturón,300000,9.999636679867297,9.999636679867297
205,6,292104,19404537,Mal parqueo,400000,2.0613735849507773,2.0613735849507773
206,6,187851,15615849,Semáforo en rojo,800000,5.123000356881012,5.123000356881012
207,6,297126,21261731,No usar cinturón,300000,1.4109857753350374,1.4109857753350374
208,6,214988,18958356,Uso de celular,460000,2.4263707253941216,2.4263707253941216
209,1,40475,1908187,Exceso de velocidad,500000,26.202882631524062,10.0
210,6,248501,20923503,Exceso de velocidad,500000,2.3896572194436083,2.3896572194436083
211,2,66821,3519657,No usar cinturón,300000,8.523557835323157,8.523557835323157
212,3,94549,4427987,No usar cinturón,300000,6.775087641404548,6.775087641404548
213,3,128664,5416131,Exceso de velocidad,500000,9.231682173123213,9.231682173123213
214,5,203872,13819628,No usar cinturón,300000,2.170825437558811,2.170825437558811
215,4,170608,5816389,Exceso de velocidad,500000,8.596398899729712,8.596398899729712
216,3,119161,4595526,Uso de celular,460000,10.009735555842791,10.0
217,3,99816,4921510,Mal parqueo,400000,8.127586858504808,8.127586858504808
218,1,41051,2135848,No usar cinturón,300000,14.045943344282927,10.0
219,5,163492,13058313,No usar cinturón,300000,2.2973871127150955,2.2973871127150955
220,1,44994,2412275,Semáforo en rojo,800000,33.1637147505985,10.0
221,4,143703,7271383,Uso de celular,460000,6.326169313320451,6.326169313320451
222,5,176842,13290824,Exceso de velocidad,500000,3.761993989236484,3.761993989236484
223,4,137498,8559976,No usar cinturón,300000,3.504682723409505,3.504682723409505
224,2,93898,4105229,Mal parqueo,400000,9.743670815927686,9.743670815927686
225,3,101240,5537603,Semáforo en rojo,800000,14.446683881094401,10.0
226,1,44401,2139566,No usar cinturón,300000,14.021535208542293,10.0
227,2,73072,2988052,Mal parqueo,400000,13.386647889661893,10.0
228,5,181674,14256112,No usar cinturón,300000,2.104360571802466,2.104360571802466
229,2,86347,3108483,No usar cinturón,300000,9.65100983341392,9.65100983341392
230,4,176840,7281688,Exceso de velocidad,500000,6.866539736390793,6.866539736390793
231,1,40870,2383663,Exceso de velocidad,500000,20.976119526963334,10.0
232,1,49671,1529417,No usar cinturón,300000,19.61531747064404,10.0
233,1,33924,2723403,Exceso de velocidad,500000,18.359383462528314,10.0
234,5,226210,8783578,Mal parqueo,400000,4.55395284245213,4.55395284245213
235,1,36838,1688452,Exceso de velocidad,500000,29.612923553645587,10.0
236,2,72887,3700922,Mal parqueo,400000,10.808117544763169,10.0
237,4,198570,6180880,Mal parqueo,400000,6.471570391271146,6.471570391271146
238,4,183678,6333441,Semáforo en rojo,800000,12.631364214176779,10.0
239,4,162819,8260572,Semáforo en rojo,800000,9.684559374338725,9.684559374338725
240,2,93998,3876274,No usar cinturón,300000,7.739390971845643,7.739390971845643
241,3,114524,4669081,Exceso de velocidad,500000,10.708745468326637,10.0
242,3,118001,5380474,No usar cinturón,300000,5.575716934976361,5.575716934976361
243,6,286673,23745698,Uso de celular,460000,1.9371930022861403,1.9371930022861403
244,2,87580,3346950,Exceso de velocidad,500000,14.938974290025248,10.0
245,3,97281,5106182,Exceso de velocidad,500000,9.792052065515879,9.792052065515879
246,4,131110,8081964,Uso de celular,460000,5.691685832800046,5.691685832800046
247,1,46696,2513012,Uso de celular,460000,18.3047275540268,10.0
248,1,35839,2572839,Exceso de velocidad,500000,19.433785013364613,10.0
249,3,131635,5663839,Mal parqueo,400000,7.062347640884566,7.062347640884566
250,5,222235,9293730,Uso de celular,460000,4.949573529680763,4.949573529680763
251,1,34394,2703156,Semáforo en rojo,800000,29.59503632050832,10.0
252,3,139591,5312631,Exceso de velocidad,500000,9.411532628560124,9.411532628560124
253,5,164294,12610664,Mal parqueo,400000,3.1719186237933226,3.1719186237933226
254,3,106160,4591741,Exceso de velocidad,500000,10.889115914856697,10.0
255,4,191903,6639566,Semáforo en rojo,800000,12.048980309857601,10.0
256,4,123334,6590046,Uso de celular,460000,6.980224417249895,6.980224417249895
257,6,299699,25694009,Uso de celular,460000,1.7903006105431039,1.7903006105431039
258,2,65164,4327631,Exceso de velocidad,500000,11.55366527321761,10.0
259,3,147119,5539460,Exceso de velocidad,500000,9.026150563412317,9.026150563412317
260,4,161077,6841558,Exceso de velocidad,500000,7.308276857405871,7.308276857405871
261,4,144484,8335421,Semáforo en rojo,800000,9.597595610347694,9.597595610347694
262,4,148053,8357617,No usar cinturón,300000,3.5895399370418626,3.5895399370418626
263,3,146904,4764242,Semáforo en rojo,800000,16.79175826920631,10.0
264,5,152933,10926360,Mal parqueo,400000,3.660871507070973,3.660871507070973
265,5,196597,11338628,Mal parqueo,400000,3.5277636765224147,3.5277636765224147
266,4,138363,7222556,Mal parqueo,400000,5.538205588160203,5.538205588160203
267,6,253902,19387145,Mal parqueo,400000,2.0632228211013017,2.0632228211013017
268,3,133628,4637847,Mal parqueo,400000,8.624691586419301,8.624691586419301
269,1,49593,1878724,Mal parqueo,400000,21.291046476225354,10.0
270,5,157048,14314284,No usar cinturón,300000,2.095808634228579,2.095808634228579
271,6,205051,21605390,Mal parqueo,400000,1.85138986151141,1.85138986151141
272,6,224317,21449942,No usar cinturón,300000,1.3986051803776438,1.3986051803776438
273,6,223122,25982547,Uso de celular,460000,1.7704191971633882,1.7704191971633882
274,6,219642,26311276,Exceso de velocidad,500000,1.9003259287006833,1.9003259287006833
275,5,231005,13821890,Semáforo en rojo,800000,5.787920465290926,5.787920465290926
276,6,266424,24624368,Exceso de velocidad,500000,2.0305089657529485,2.0305089657529485
277,5,249048,12187596,Semáforo en rojo,800000,6.564050859578869,6.564050859578869
278,4,131791,6364296,Exceso de velocidad,500000,7.85632849257797,7.85632849257797
279,5,169383,11379444,Mal parqueo,400000,3.5151102285841027,3.5151102285841027
280,5,242356,11722481,Exceso de velocidad,500000,4.265308683375132,4.265308683375132
281,4,141564,8148863,No usar cinturón,300000,3.681495197550873,3.681495197550873
282,6,224147,18053299,Uso de celular,460000,2.5480107541563455,2.5480107541563455
283,6,193134,17437129,No usar cinturón,300000,1.7204667121519832,1.7204667121519832
284,3,94419,4553502,Uso de celular,460000,10.102114811852504,10.0
285,6,270551,19371029,No usar cinturón,300000,1.5487045112575073,1.5487045112575073
286,3,112374,4371307,No usar cinturón,300000,6.862935959428153,6.862935959428153
287,6,274693,24172684,No usar cinturón,300000,1.2410702924011252,1.2410702924011252
288,6,264916,21557187,Mal parqueo,400000,1.8555296662778868,1.8555296662778868
289,2,97131,4075217,No usar cinturón,300000,7.361571175228216,7.361571175228216
290,4,140160,6212833,Uso de celular,460000,7.40402969144672,7.40402969144672
291,3,127126,4574492,Mal parqueo,400000,8.744140332959375,8.744140332959375
292,1,44597,1917810,Exceso de velocidad,500000,26.071404362267376,10.0
293,3,126966,5102216,Exceso de velocidad,500000,9.79966351875342,9.79966351875342
294,5,247123,8913472,Uso de celular,460000,5.160727492047992,5.160727492047992
295,6,231402,24538401,No usar cinturón,300000,1.222573549107784,1.222573549107784
296,6,283872,25355609,No usar cinturón,300000,1.1831701616790193,1.1831701616790193
297,6,191929,22412508,Uso de celular,460000,2.0524253689056127,2.0524253689056127
298,6,273573,27921920,Semáforo en rojo,800000,2.8651324837260477,2.8651324837260477
299,4,141253,7795925,Uso de celular,460000,5.90051854013475,5.90051854013475
300,4,136900,6629972,Exceso de velocidad,500000,7.541509979227665,7.541509979227665
301,3,91325,5475920,No usar cinturón,300000,5.478531461380006,5.478531461380006
302,4,163000,6438646,Semáforo en rojo,800000,12.424972579638638,10.0
303,1,40531,1827852,No usar cinturón,300000,16.412707374557677,10.0
304,1,38490,1484933,Semáforo en rojo,800000,53.87448457270463,10.0
305,3,92946,5105334,Mal parqueo,400000,7.834942826463459,7.834942826463459
306,5,230117,14249822,Exceso de velocidad,500000,3.5088157592424665,3.5088157592424665
307,6,222803,24770732,Uso de celular,460000,1.8570303049582872,1.8570303049582872
308,6,258245,18065498,No usar cinturón,300000,1.660624024867734,1.660624024867734
309,2,69068,4019332,Exceso de velocidad,500000,12.439878069291115,10.0
310,4,171912,8399566,Mal parqueo,400000,4.76215080636309,4.76215080636309
311,2,94606,2897076,Semáforo en rojo,800000,27.614049476092443,10.0
312,3,115779,4730521,Exceso de velocidad,500000,10.569660297459835,10.0
313,6,235246,28860107,Uso de celular,460000,1.5938956844477394,1.5938956844477394
314,3,139045,4589797,Mal parqueo,400000,8.714982383752485,8.714982383752485
315,2,87736,3817787,Mal parqueo,400000,10.477273876201055,10.0
316,6,276987,15547203,Exceso de velocidad,500000,3.216012552225632,3.216012552225632
317,1,32950,2381970,Exceso de velocidad,500000,20.991028434447117,10.0
318,5,201647,11100011,Semáforo en rojo,800000,7.207200064936872,7.207200064936872
319,4,122919,8266580,Mal parqueo,400000,4.838760406359099,4.838760406359099
320,5,187728,10471561,Exceso de velocidad,500000,4.7748372950317535,4.7748372950317535
321,1,42881,2506757,Semáforo en rojo,800000,31.91374353397637,10.0
322,6,245365,22880557,No usar cinturón,300000,1.311156891853638,1.311156891853638
323,5,221582,12678034,Exceso de velocidad,500000,3.9438291457492545,3.9438291457492545
324,6,238190,18020256,Uso de celular,460000,2.552682936357841,2.552682936357841
325,5,196488,9116934,Mal parqueo,400000,4.387439900299816,4.387439900299816
326,1,33196,2276069,Mal parqueo,400000,17.574159658604373,10.0
327,4,139576,6812771,Semáforo en rojo,800000,11.742652145507313,10.0
328,6,257496,14641413,Semáforo en rojo,800000,5.463953513229905,5.463953513229905
329,2,94652,3831188,No usar cinturón,300000,7.8304692956858295,7.8304692956858295
330,1,49280,2060545,Semáforo en rojo,800000,38.82467987838169,10.0
331,3,91899,4454642,Uso de celular,460000,10.326306805350463,10.0
332,2,96958,3904891,Uso de celular,460000,11.78009834333404,10.0
333,6,193285,22402622,No usar cinturón,300000,1.339128964457821,1.339128964457821
334,3,144395,5511908,No usar cinturón,300000,5.442761381358324,5.442761381358324
335,2,87711,3137951,No usar cinturón,300000,9.560378731216645,9.560378731216645
336,1,42641,1964709,Exceso de velocidad,500000,25.449061413166017,10.0
337,6,200045,26650577,Semáforo en rojo,800000,3.0018111802982728,3.0018111802982728
338,4,175748,7370545,Mal parqueo,400000,5.4270070937766475,5.4270070937766475
339,6,290118,20040982,Exceso de velocidad,500000,2.494887725561552,2.494887725561552
340,1,49375,2292704,Semáforo en rojo,800000,34.89329629991486,10.0
341,5,211384,13928903,Exceso de velocidad,500000,3.5896581374714147,3.5896581374714147
342,6,187032,26317966,Semáforo en rojo,800000,3.0397485884737443,3.0397485884737443
343,4,166283,6935278,No usar cinturón,300000,4.325709798511322,4.325709798511322
344,3,96994,5205172,Semáforo en rojo,800000,15.36932881372604,10.0
345,3,146300,5378124,Mal parqueo,400000,7.437537699019211,7.437537699019211
346,1,37392,1853286,Uso de celular,460000,24.820777796843014,10.0
347,4,170667,7058173,Uso de celular,460000,6.51726728715774,6.51726728715774
348,5,174748,11853543,Exceso de velocidad,500000,4.218148109809869,4.218148109809869
349,5,194396,14310775,Uso de celular,460000,3.214361206852878,3.214361206852878
350,3,98740,4710385,Exceso de velocidad,500000,10.614843584972354,10.0
351,6,273155,17352271,No usar cinturón,300000,1.7288803292664114,1.7288803292664114
352,5,162886,9320306,Mal parqueo,400000,4.291704585664891,4.291704585664891
353,3,97297,5061692,Exceso de velocidad,500000,9.87811980657851,9.87811980657851
354,4,162985,7175390,Exceso de velocidad,500000,6.9682623522902585,6.9682623522902585
355,5,235265,8760870,Semáforo en rojo,800000,9.131513194465848,9.131513194465848
356,2,78994,3952797,Mal parqueo,400000,10.119416706701609,10.0
357,4,141135,7662466,Uso de celular,460000,6.003289280500559,6.003289280500559
358,5,191629,12068370,No usar cinturón,300000,2.4858369440114947,2.4858369440114947
359,2,78345,3183039,No usar cinturón,300000,9.424955207900375,9.424955207900375
360,1,39073,1787150,Semáforo en rojo,800000,44.76400973617211,10.0
361,1,49912,1570464,No usar cinturón,300000,19.102634635368908,10.0
362,2,76129,4284327,Mal parqueo,400000,9.336355511612442,9.336355511612442
363,5,150948,9721328,No usar cinturón,300000,3.08599812700487,3.08599812700487
364,3,119742,5771559,Exceso de velocidad,500000,8.663170557556459,8.663170557556459
365,2,82176,4128274,Semáforo en rojo,800000,19.378558690629546,10.0
366,5,236637,10585079,No usar cinturón,300000,2.8341781861051767,2.8341781861051767
367,1,46719,1997434,Exceso de velocidad,500000,25.032116205091132,10.0
368,1,42468,2102607,Uso de celular,460000,21.877602424038347,10.0
369,1,40405,2688916,Exceso de velocidad,500000,18.5948538370109,10.0
370,6,266641,15609716,Mal parqueo,400000,2.5625065824387834,2.5625065824387834
371,4,180498,6788729,Uso de celular,460000,6.775936997927006,6.775936997927006
372,3,103895,5543468,No usar cinturón,300000,5.411774722971252,5.411774722971252
373,4,148519,8374246,Exceso de velocidad,500000,5.97068679377224,5.97068679377224
374,3,113246,4631615,Mal parqueo,400000,8.636296410647258,8.636296410647258
375,5,228834,11856234,Semáforo en rojo,800000,6.747505152141903,6.747505152141903
376,6,298000,21276566,Semáforo en rojo,800000,3.7600052564873483,3.7600052564873483
377,2,88144,3730315,No usar cinturón,300000,8.04221627396078,8.04221627396078
378,3,138990,5178828,No usar cinturón,300000,5.792816444183897,5.792816444183897
379,4,134340,5995010,No usar cinturón,300000,5.004161794559141,5.004161794559141
380,2,75817,3321421,Exceso de velocidad,500000,15.053797757044348,10.0
381,2,94521,3703805,Mal parqueo,400000,10.799704628078421,10.0
382,2,88669,3173246,Exceso de velocidad,500000,15.756736162276736,10.0
383,4,125922,7410973,Exceso de velocidad,500000,6.746752416990319,6.746752416990319
384,6,236628,19009209,No usar cinturón,300000,1.5781824483070286,1.5781824483070286
385,3,102398,5590608,Semáforo en rojo,800000,14.30971371986732,10.0
386,6,242163,22962613,Exceso de velocidad,500000,2.177452539917822,2.177452539917822
387,6,266203,18995687,Exceso de velocidad,500000,2.632176451422894,2.632176451422894
388,1,40779,2548443,Uso de celular,460000,18.050236948599597,10.0
389,4,185063,7491753,No usar cinturón,300000,4.004403241804688,4.004403241804688
390,6,195103,25863512,Exceso de velocidad,500000,1.9332254645076818,1.9332254645076818
391,5,231334,10148425,Semáforo en rojo,800000,7.882996622628633,7.882996622628633
392,4,190312,7883750,Uso de celular,460000,5.8347867448866335,5.8347867448866335
393,4,179832,6133743,Semáforo en rojo,800000,13.042607099775783,10.0
394,4,173821,8570963,No usar cinturón,300000,3.5001901186599453,3.5001901186599453
395,2,90273,4293865,Exceso de velocidad,500000,11.644520728993575,10.0
396,5,166196,11940340,Semáforo en rojo,800000,6.699976717580906,6.699976717580906
397,6,208696,24505557,No usar cinturón,300000,1.2242121246213666,1.2242121246213666
398,3,118809,5550055,Uso de celular,460000,8.288206152911998,8.288206152911998
399,2,61235,3366325,Uso de celular,460000,13.664753106132057,10.0
400,2,68960,2897333,Uso de celular,460000,15.87667002722849,10.0
401,6,258753,24930594,Uso de celular,460000,1.8451225028974438,1.8451225028974438
402,2,97228,3520225,Semáforo en rojo,800000,22.725820082523136,10.0
403,4,162401,8346817,Semáforo en rojo,800000,9.584491908712026,9.584491908712026
404,1,40807,1472405,Semáforo en rojo,800000,54.332877163552155,10.0
405,4,131641,7534730,Exceso de velocidad,500000,6.635937850460468,6.635937850460468
406,2,72982,4299664,No usar cinturón,300000,6.977289388194054,6.977289388194054
407,5,230849,14394538,Uso de celular,460000,3.1956565747368897,3.1956565747368897
408,4,140599,7905155,No usar cinturón,300000,3.794992002054356,3.794992002054356
409,5,238049,9834234,Uso de celular,460000,4.677537670956376,4.677537670956376
410,3,149642,5555425,Exceso de velocidad,500000,9.000211504970366,9.000211504970366
411,5,222801,9075984,Mal parqueo,400000,4.407235623156674,4.407235623156674
412,2,99960,4021560,No usar cinturón,300000,7.459791722615104,7.459791722615104
413,4,120961,8144237,Exceso de velocidad,500000,6.13931053332559,6.13931053332559
414,6,285331,26722037,Exceso de velocidad,500000,1.8711148405340505,1.8711148405340505
415,4,179667,5962578,Mal parqueo,400000,6.708507628747162,6.708507628747162
416,6,204244,17458735,Exceso de velocidad,500000,2.863895923731015,2.863895923731015
417,4,122437,6718822,No usar cinturón,300000,4.465068430150404,4.465068430150404
418,5,238869,14240011,Uso de celular,460000,3.2303345833089594,3.2303345833089594
419,6,290002,24402960,Mal parqueo,400000,1.6391454151463591,1.6391454151463591
420,2,71055,3193784,No usar cinturón,300000,9.393246381095278,9.393246381095278
421,4,165565,6905821,Uso de celular,460000,6.661047252745184,6.661047252745184
422,2,68774,3697592,Exceso de velocidad,500000,13.522313981639943,10.0
423,5,184598,11398698,No usar cinturón,300000,2.631879535715395,2.631879535715395
424,4,155580,8081840,Semáforo en rojo,800000,9.898735931421559,9.898735931421559
425,2,81185,3146201,Uso de celular,460000,14.620807761487583,10.0
426,6,242700,27312772,Exceso de velocidad,500000,1.8306453845109534,1.8306453845109534
427,3,95719,5301393,Mal parqueo,400000,7.545186708474547,7.545186708474547
428,1,39814,1755198,No usar cinturón,300000,17.09208875579849,10.0
429,2,94475,3292764,No usar cinturón,300000,9.110886780832152,9.110886780832152
430,2,75366,3182370,Mal parqueo,400000,12.569248704581806,10.0
431,1,41579,2679511,Uso de celular,460000,17.16731149825472,10.0
432,6,240958,20170643,Uso de celular,460000,2.2805420729522607,2.2805420729522607
433,1,35274,2552664,Exceso de velocidad,500000,19.587380086059113,10.0
434,3,110761,5714849,Semáforo en rojo,800000,13.99862008602502,10.0
435,5,210874,10060383,Semáforo en rojo,800000,7.951983537803681,7.951983537803681
436,5,204574,10596506,Semáforo en rojo,800000,7.5496583496484595,7.5496583496484595
437,3,117446,4973886,Exceso de velocidad,500000,10.052502208534735,10.0
438,1,46447,1935585,Mal parqueo,400000,20.665586889751676,10.0
439,3,131724,5315379,No usar cinturón,300000,5.644000173835206,5.644000173835206
440,4,181998,6749329,No usar cinturón,300000,4.444886299067655,4.444886299067655
441,4,134233,6350282,Uso de celular,460000,7.243772796231726,7.243772796231726
442,5,163403,11692229,Uso de celular,460000,3.9342370047661572,3.9342370047661572
443,6,253271,22093015,Semáforo en rojo,800000,3.621053984709647,3.621053984709647
444,4,158811,6591172,Exceso de velocidad,500000,7.585904297445128,7.585904297445128
445,5,246242,10186750,Mal parqueo,400000,3.9266694480575257,3.9266694480575257
446,2,85281,3611838,Semáforo en rojo,800000,22.149387652491612,10.0
447,2,97493,4160455,Mal parqueo,400000,9.614333047707522,9.614333047707522
448,3,113096,5711399,Semáforo en rojo,800000,14.007076024630743,10.0
449,5,233456,14411882,Uso de celular,460000,3.191810757262653,3.191810757262653
450,2,81634,3087282,No usar cinturón,300000,9.717285301439906,9.717285301439906
451,3,112098,4591789,Uso de celular,460000,10.017881919225818,10.0
452,6,248464,19952233,Uso de celular,460000,2.305506356105605,2.305506356105605
453,4,167576,7106064,Uso de celular,460000,6.4733444562278075,6.4733444562278075
454,4,136278,7716376,Exceso de velocidad,500000,6.479725715802339,6.479725715802339
455,6,187329,14488044,Semáforo en rojo,800000,5.521794384390329,5.521794384390329
456,3,142150,5676779,Exceso de velocidad,500000,8.807811612888223,8.807811612888223
457,2,72598,3369679,Uso de celular,460000,13.651151934650155,10.0
458,6,245294,23173720,Uso de celular,460000,1.9850071546562227,1.9850071546562227
459,4,189739,8312399,No usar cinturón,300000,3.6090664079046255,3.6090664079046255
460,1,38459,2195962,Exceso de velocidad,500000,22.769064309856,10.0
461,1,39781,1553603,Exceso de velocidad,500000,32.18325402306767,10.0
462,1,41032,2422535,Semáforo en rojo,800000,33.02325869388884,10.0
463,3,108578,4805209,Mal parqueo,400000,8.324299733892948,8.324299733892948
464,6,256945,20890522,Mal parqueo,400000,1.914743920711986,1.914743920711986
465,4,181516,7410271,Uso de celular,460000,6.207600234863206,6.207600234863206
466,2,96857,3059591,Exceso de velocidad,500000,16.342053562061075,10.0
467,1,33336,1884532,Uso de celular,460000,24.409243249782968,10.0
468,6,275016,27047450,Uso de celular,460000,1.700714854819955,1.700714854819955
469,5,211419,9067970,Exceso de velocidad,500000,5.513913257322201,5.513913257322201
470,2,94816,3248432,Semáforo en rojo,800000,24.627266324183484,10.0
471,2,85265,3707487,Mal parqueo,400000,10.788979165672059,10.0
472,4,171194,6017288,Uso de celular,460000,7.644639910870146,7.644639910870146
473,5,227544,13010606,Exceso de velocidad,500000,3.843018534263508,3.843018534263508
474,5,166423,14254839,Mal parqueo,400000,2.8060646633750124,2.8060646633750124
475,4,183177,7740326,Mal parqueo,400000,5.167740996955426,5.167740996955426
476,3,136821,4539960,Semáforo en rojo,800000,17.621300628199368,10.0
477,1,43004,2642920,Exceso de velocidad,500000,18.918468966143507,10.0
478,2,60060,3590149,Uso de celular,460000,12.812838687196548,10.0
479,5,212660,12852548,Mal parqueo,400000,3.112223350576088,3.112223350576088
480,6,192830,15500840,Uso de celular,460000,2.9675811117332995,2.9675811117332995
481,6,233645,28195245,No usar cinturón,300000,1.0640091972955015,1.0640091972955015
482,2,65708,4299708,Exceso de velocidad,500000,11.628696646376916,10.0
483,5,174777,8763872,Mal parqueo,400000,4.564192630837146,4.564192630837146
484,1,43902,1602372,Exceso de velocidad,500000,31.203740454775797,10.0
485,1,46435,1912997,Mal parqueo,400000,20.90959891730097,10.0
486,6,298172,22130698,Semáforo en rojo,800000,3.614888242566954,3.614888242566954
487,1,49018,2867037,Uso de celular,460000,16.04443891027566,10.0
488,4,188643,6142277,Exceso de velocidad,500000,8.140303669144195,8.140303669144195
489,3,148991,5667017,Semáforo en rojo,800000,14.116774310011776,10.0
490,6,216245,16566761,No usar cinturón,300000,1.8108548798404227,1.8108548798404227
491,3,149908,5785512,Uso de celular,460000,7.950895270807493,7.950895270807493
492,5,194348,9806069,Mal parqueo,400000,4.079106520665926,4.079106520665926
493,3,99044,4452622,Semáforo en rojo,800000,17.966941725572035,10.0
494,4,176798,8059960,Mal parqueo,400000,4.962803785626728,4.962803785626728
495,5,199847,10044663,Semáforo en rojo,800000,7.964428473110546,7.964428473110546
496,2,84062,3403442,Mal parqueo,400000,11.752807892715667,10.0
497,3,122629,4531559,No usar cinturón,300000,6.620238200583948,6.620238200583948
498,6,187432,22509519,Exceso de velocidad,500000,2.221282471651216,2.221282471651216
499,6,227952,26809017,Exceso de velocidad,500000,1.8650441379480642,1.8650441379480642
500,3,129482,4944126,No usar cinturón,300000,6.067806524348287,6.067806524348287
501,3,116374,5037393,Exceso de velocidad,500000,9.925769142887999,9.925769142887999
502,6,261151,25385334,Semáforo en rojo,800000,3.1514259375117932,3.1514259375117932
503,1,44277,2836961,Mal parqueo,400000,14.099594601406224,10.0
504,6,271250,18026413,No usar cinturón,300000,1.66422460197711,1.66422460197711
505,3,140085,5527376,Mal parqueo,400000,7.23670689310805,7.23670689310805
506,3,92768,4701733,Uso de celular,460000,9.783626590450798,9.783626590450798
507,5,230389,9428532,No usar cinturón,300000,3.181831487658948,3.181831487658948
508,2,96181,2987078,Exceso de velocidad,500000,16.73876611189932,10.0
509,3,91416,5682446,Mal parqueo,400000,7.03922219410444,7.03922219410444
510,5,193877,10963858,Mal parqueo,400000,3.648350790387836,3.648350790387836
511,4,158927,7156242,No usar cinturón,300000,4.192144424405994,4.192144424405994
512,3,123027,5766163,Semáforo en rojo,800000,13.874044143393101,10.0
513,6,210143,16353919,Exceso de velocidad,500000,3.0573711414371076,3.0573711414371076
514,4,194324,8122883,Uso de celular,460000,5.663013981612194,5.663013981612194
515,4,164255,6094738,Exceso de velocidad,500000,8.203798095996907,8.203798095996907
516,6,263006,15347784,Exceso de velocidad,500000,3.257799301840578,3.257799301840578
517,1,39101,2753951,Mal parqueo,400000,14.524586675652545,10.0
518,5,201581,9654246,No usar cinturón,300000,3.107441016108353,3.107441016108353
519,1,43108,1805579,No usar cinturón,300000,16.61516887380724,10.0
520,1,45803,2331694,Mal parqueo,400000,17.154909692266653,10.0
521,3,117508,5432660,Uso de celular,460000,8.46730699141857,8.46730699141857
522,4,163696,8666874,Exceso de velocidad,500000,5.7690927547810205,5.7690927547810205
523,2,66296,3806036,Semáforo en rojo,800000,21.019244168998927,10.0
524,3,126981,5517376,Uso de celular,460000,8.337296569963693,8.337296569963693
525,2,66565,3764652,Semáforo en rojo,800000,21.250304144978074,10.0
526,2,90789,4176557,Exceso de velocidad,500000,11.97158329217104,10.0
527,5,200329,10846103,Semáforo en rojo,800000,7.375921102722333,7.375921102722333
528,1,43541,2185260,Exceso de velocidad,500000,22.880572563447828,10.0
529,5,249872,13117340,Exceso de velocidad,500000,3.811748418505581,3.811748418505581
530,4,163081,7028801,Exceso de velocidad,500000,7.113588789894607,7.113588789894607
531,5,197341,9511723,Exceso de velocidad,500000,5.25667116252229,5.25667116252229
532,1,49559,2436445,No usar cinturón,300000,12.313021636031184,10.0
533,3,127136,4823772,Exceso de velocidad,500000,10.365332358162865,10.0
534,5,161300,12631889,Exceso de velocidad,500000,3.958236175127885,3.958236175127885
535,2,65681,3485532,Exceso de velocidad,500000,14.345012468684837,10.0
536,6,258303,28718603,Uso de celular,460000,1.6017492215759939,1.6017492215759939
537,4,191417,7425900,Uso de celular,460000,6.194535342517405,6.194535342517405
538,3,134436,5446939,Exceso de velocidad,500000,9.179467587208155,9.179467587208155
539,3,147304,5371229,No usar cinturón,300000,5.585313901157445,5.585313901157445
540,5,164460,13932661,Exceso de velocidad,500000,3.5886899135778876,3.5886899135778876
541,1,43866,2701386,Exceso de velocidad,500000,18.50901722301071,10.0
542,1,44135,2718537,No usar cinturón,300000,11.035347321003908,10.0
543,1,47977,2796088,Mal parqueo,400000,14.305701394233658,10.0
544,2,94059,4067293,Mal parqueo,400000,9.834550891711022,9.834550891711022
545,1,49001,1837742,Uso de celular,460000,25.030717042979916,10.0
546,5,196221,10090890,Exceso de velocidad,500000,4.954964329211794,4.954964329211794
547,5,240591,12786204,Semáforo en rojo,800000,6.256743596457556,6.256743596457556
548,4,178339,6651828,No usar cinturón,300000,4.5100384435676935,4.5100384435676935
549,5,200635,12864078,No usar cinturón,300000,2.332075411856178,2.332075411856178
550,4,131257,7917021,Mal parqueo,400000,5.052405443916342,5.052405443916342
551,3,129691,5605449,Mal parqueo,400000,7.135913644027446,7.135913644027446
552,6,188203,26144103,Semáforo en rojo,800000,3.059963464801221,3.059963464801221
553,3,114134,5717014,Mal parqueo,400000,6.99665944494801,6.99665944494801
554,3,96341,5771128,Semáforo en rojo,800000,13.862108066222062,10.0
555,4,126599,8204451,Mal parqueo,400000,4.8754023882889905,4.8754023882889905
556,2,91450,2904039,Exceso de velocidad,500000,17.217399628586254,10.0
557,1,47339,1859984,No usar cinturón,300000,16.129171003621536,10.0
558,2,60866,3957302,Mal parqueo,400000,10.107896743791603,10.0
559,6,289023,18962330,No usar cinturón,300000,1.5820840582354594,1.5820840582354594
560,3,105192,5699039,No usar cinturón,300000,5.264045394319989,5.264045394319989
561,2,72930,3121015,Exceso de velocidad,500000,16.020429251381362,10.0
562,6,220459,24768069,Uso de celular,460000,1.857229968149717,1.857229968149717
563,2,82415,3015547,Uso de celular,460000,15.254280566676625,10.0
564,6,282520,15059693,Mal parqueo,400000,2.656096641545083,2.656096641545083
565,1,37521,1953122,Uso de celular,460000,23.552036175927565,10.0
566,5,178542,9439661,No usar cinturón,300000,3.1780802297879127,3.1780802297879127
567,5,158940,13686624,No usar cinturón,300000,2.19192110486852,2.19192110486852
568,2,95432,3381575,Mal parqueo,400000,11.82880758226566,10.0
569,4,129467,8679026,Exceso de velocidad,500000,5.761015118516755,5.761015118516755
570,4,194116,7409239,Mal parqueo,400000,5.398665099074278,5.398665099074278
571,2,78072,3048933,Uso de celular,460000,15.08724527564233,10.0
572,2,80586,3825937,Mal parqueo,400000,10.454955217506196,10.0
573,4,127652,8233034,No usar cinturón,300000,3.6438571734308396,3.6438571734308396
574,6,219758,23672550,Semáforo en rojo,800000,3.3794415895203516,3.3794415895203516
575,1,36669,2364908,Semáforo en rojo,800000,33.827954406683055,10.0
576,5,231899,13364004,Uso de celular,460000,3.4420821783651063,3.4420821783651063
577,4,134557,7084822,Mal parqueo,400000,5.645872260446345,5.645872260446345
578,1,32647,1837135,Exceso de velocidad,500000,27.216290582891293,10.0
579,5,202333,9194005,Uso de celular,460000,5.003260276669417,5.003260276669417
580,6,273665,19082770,Semáforo en rojo,800000,4.192263492145008,4.192263492145008
581,6,299447,18459099,Mal parqueo,400000,2.166953002419024,2.166953002419024
582,4,160842,7040586,Uso de celular,460000,6.533547065542555,6.533547065542555
583,1,31400,2835954,No usar cinturón,300000,10.578450849343819,10.0
584,2,91277,3917227,Uso de celular,460000,11.743000852388692,10.0
585,1,32374,2021602,No usar cinturón,300000,14.839716225053202,10.0
586,6,250418,19006286,Semáforo en rojo,800000,4.209133757115936,4.209133757115936
587,2,66486,2913138,Uso de celular,460000,15.79053240869468,10.0
588,6,207931,27739893,Mal parqueo,400000,1.4419666290709918,1.4419666290709918
589,5,243394,9684457,Semáforo en rojo,800000,8.260659322458658,8.260659322458658
590,3,98356,5034708,No usar cinturón,300000,5.958637521778821,5.958637521778821
591,4,154812,6875747,Mal parqueo,400000,5.81754971496188,5.81754971496188
592,5,170123,9294094,Uso de celular,460000,4.949379681333113,4.949379681333113
593,4,147121,5834724,No usar cinturón,300000,5.141631377936643,5.141631377936643
594,2,98872,2934559,Uso de celular,460000,15.675268413414075,10.0
595,4,137653,8156329,Exceso de velocidad,500000,6.1302088231114755,6.1302088231114755
596,5,188581,13684352,Mal parqueo,400000,2.923046703271006,2.923046703271006
597,4,138247,7345548,Mal parqueo,400000,5.445475272913607,5.445475272913607
598,3,128668,4715278,Mal parqueo,400000,8.483062928633265,8.483062928633265
599,1,33748,2497253,Exceso de velocidad,500000,20.02200017379096,10.0
600,5,192787,11026867,Semáforo en rojo,800000,7.255007247298802,7.255007247298802
601,1,30169,2347730,No usar cinturón,300000,12.778300741567387,10.0
602,4,183868,7769233,Exceso de velocidad,500000,6.435641716498913,6.435641716498913
603,4,131719,6095723,Mal parqueo,400000,6.561977963893701,6.561977963893701
604,6,246415,24463039,Semáforo en rojo,800000,3.2702396460227203,3.2702396460227203
605,5,234856,9117163,Uso de celular,460000,5.045429153783912,5.045429153783912
606,4,164616,8321623,Exceso de velocidad,500000,6.008443304869735,6.008443304869735
607,5,194042,8955263,Uso de celular,460000,5.136644228092464,5.136644228092464
608,6,231824,24450371,No usar cinturón,300000,1.226975247124062,1.226975247124062
609,4,179196,6206333,Exceso de velocidad,500000,8.056287021659973,8.056287021659973
610,2,87860,4242787,Semáforo en rojo,800000,18.85553057459637,10.0
611,4,122797,6513299,No usar cinturón,300000,4.60596081954782,4.60596081954782
612,1,41733,2725172,Exceso de velocidad,500000,18.347465774637346,10.0
613,2,84073,3370987,Semáforo en rojo,800000,23.73192183772883,10.0
614,6,192817,21287262,Semáforo en rojo,800000,3.7581160038336545,3.7581160038336545
615,3,145952,4598370,Mal parqueo,400000,8.698734551591107,8.698734551591107
616,5,194735,9533054,Uso de celular,460000,4.825316210314135,4.825316210314135
617,3,129097,5319448,Semáforo en rojo,800000,15.039154438580846,10.0
618,5,188289,10098246,Uso de celular,460000,4.555246524990578,4.555246524990578
619,2,76237,4176246,Uso de celular,460000,11.014676817409702,10.0
620,6,214407,24356409,Semáforo en rojo,800000,3.2845564385127544,3.2845564385127544
621,6,277763,27544983,Uso de celular,460000,1.6699955850399326,1.6699955850399326
622,2,60199,3723169,Uso de celular,460000,12.355066342677434,10.0
623,3,118261,4412432,Mal parqueo,400000,9.065295510503052,9.065295510503052
624,6,198731,17554795,Uso de celular,460000,2.6203666861390293,2.6203666861390293
625,1,36051,2852716,Exceso de velocidad,500000,17.527156576399474,10.0
626,3,136594,5068677,Exceso de velocidad,500000,9.864507049867253,9.864507049867253
627,6,285770,21456949,Uso de celular,460000,2.1438276243281376,2.1438276243281376
628,5,229387,10660965,Semáforo en rojo,800000,7.504011128448504,7.504011128448504
629,4,128387,6778731,Uso de celular,460000,6.785930877032883,6.785930877032883
630,1,44849,1981162,Uso de celular,460000,23.21869690615911,10.0
631,1,46331,1879438,No usar cinturón,300000,15.962218492975028,10.0
632,3,114342,4423916,Uso de celular,460000,10.398027448984113,10.0
633,6,192792,19643724,Mal parqueo,400000,2.036273773750843,2.036273773750843
634,4,151956,5846007,Uso de celular,460000,7.868618699909185,7.868618699909185
635,4,136379,6384348,Mal parqueo,400000,6.265322629656153,6.265322629656153
636,4,184173,6137410,Mal parqueo,400000,6.51740717990162,6.51740717990162
637,3,112496,4536125,No usar cinturón,300000,6.613574361376726,6.613574361376726
638,4,171767,7452695,No usar cinturón,300000,4.0253894732039885,4.0253894732039885
639,6,262795,28558745,Uso de celular,460000,1.6107150366726548,1.6107150366726548
640,6,226385,15286936,Uso de celular,460000,3.0091052909490825,3.0091052909490825
641,1,40812,2500038,Exceso de velocidad,500000,19.99969600462073,10.0
642,1,38628,2880242,Semáforo en rojo,800000,27.775443868952678,10.0
643,6,288115,19525756,Exceso de velocidad,500000,2.560720312186632,2.560720312186632
644,1,42789,2426670,Uso de celular,460000,18.956017917557805,10.0
645,6,229159,25162805,Semáforo en rojo,800000,3.1792957899566447,3.1792957899566447
646,3,113429,4706453,Mal parqueo,400000,8.498969393723893,8.498969393723893
647,1,34822,2365120,Semáforo en rojo,800000,33.824922202678934,10.0
648,4,161093,6984462,Exceso de velocidad,500000,7.1587475169884245,7.1587475169884245
649,3,124179,5076744,Mal parqueo,400000,7.879065794926827,7.879065794926827
650,5,248768,13305676,Exceso de velocidad,500000,3.7577947937406564,3.7577947937406564
651,3,108726,5223422,Uso de celular,460000,8.806487394661968,8.806487394661968
652,3,139534,4665626,Semáforo en rojo,800000,17.146680852687293,10.0
653,6,296738,20862489,Uso de celular,460000,2.2049142841968665,2.2049142841968665
654,6,299211,14551155,Uso de celular,460000,3.161261082024073,3.161261082024073
655,6,263153,26955988,No usar cinturón,300000,1.1129252617266339,1.1129252617266339
656,4,166197,7388432,Semáforo en rojo,800000,10.827737197824923,10.0
657,2,64496,3536667,Mal parqueo,400000,11.310083759652803,10.0
658,5,199659,11591621,Semáforo en rojo,800000,6.901536894624143,6.901536894624143
659,2,95750,4024030,Semáforo en rojo,800000,19.880567490799024,10.0
660,5,157533,9559210,No usar cinturón,300000,3.138334653177407,3.138334653177407
661,6,209771,25023471,Semáforo en rojo,800000,3.1969985299001884,3.1969985299001884
662,3,120370,4659741,Semáforo en rojo,800000,17.168336180058077,10.0
663,1,36376,2013365,Exceso de velocidad,500000,24.834046484368212,10.0
664,3,112177,5294342,Mal parqueo,400000,7.555235381469501,7.555235381469501
665,4,162256,7547366,Uso de celular,460000,6.094841564593528,6.094841564593528
666,4,124542,7968356,Mal parqueo,400000,5.0198560405684685,5.0198560405684685
667,5,200311,11428808,Exceso de velocidad,500000,4.374909439374605,4.374909439374605
668,2,60797,2919279,Semáforo en rojo,800000,27.404026816210443,10.0
669,5,193671,14207163,No usar cinturón,300000,2.1116108824823083,2.1116108824823083
670,1,46440,2655039,Mal parqueo,400000,15.065692067046848,10.0
671,2,86554,3773829,Semáforo en rojo,800000,21.198628766698228,10.0
672,3,96223,4526570,Semáforo en rojo,800000,17.67342601572493,10.0
673,5,217559,12461194,Uso de celular,460000,3.691460063939298,3.691460063939298
674,4,131434,6459541,Mal parqueo,400000,6.192390450033524,6.192390450033524
675,2,65300,4337793,Mal parqueo,400000,9.221279115900643,9.221279115900643
676,5,202094,9491202,Exceso de velocidad,500000,5.268036651206033,5.268036651206033
677,2,65307,4313893,Semáforo en rojo,800000,18.54473441969933,10.0
678,5,170578,12994624,No usar cinturón,300000,2.3086470220300335,2.3086470220300335
679,2,69602,3598603,Exceso de velocidad,500000,13.894280641682341,10.0
680,6,261177,27917407,Uso de celular,460000,1.6477174975455275,1.6477174975455275
681,1,31999,2180272,Mal parqueo,400000,18.3463347692398,10.0
682,4,179591,6558182,Exceso de velocidad,500000,7.624064108010422,7.624064108010422
683,6,253062,26268198,Uso de celular,460000,1.7511669433891126,1.7511669433891126
684,4,180946,6696256,Uso de celular,460000,6.869510365195118,6.869510365195118
685,4,187677,5874517,Semáforo en rojo,800000,13.618140861623177,10.0
686,5,230632,9921759,Semáforo en rojo,800000,8.063086394257308,8.063086394257308
687,2,61638,2898615,No usar cinturón,300000,10.349770493839298,10.0
688,1,44436,1500403,Semáforo en rojo,800000,53.319008293105256,10.0
689,4,123226,7827700,Mal parqueo,400000,5.1100578714053935,5.1100578714053935
690,2,61592,3409060,Mal parqueo,400000,11.733439716520097,10.0
691,3,141317,4963867,Mal parqueo,400000,8.058233631158933,8.058233631158933
692,6,287965,25148549,Mal parqueo,400000,1.5905490213371751,1.5905490213371751
693,1,39885,2786300,Semáforo en rojo,800000,28.711911854430603,10.0
694,2,64628,3600558,Uso de celular,460000,12.775797529160757,10.0
695,4,120651,8674051,No usar cinturón,300000,3.4585916084652952,3.4585916084652952
696,6,211882,22464934,No usar cinturón,300000,1.3354145620904116,1.3354145620904116
697,5,168754,13683709,Semáforo en rojo,800000,5.846368115545281,5.846368115545281
698,2,88991,3239302,Mal parqueo,400000,12.348339240984632,10.0
699,5,210616,13959684,No usar cinturón,300000,2.149045780692457,2.149045780692457
700,2,66005,3565883,Uso de celular,460000,12.900030651594571,10.0
701,3,140995,5464130,No usar cinturón,300000,5.4903525355363065,5.4903525355363065
702,6,242867,21501923,Semáforo en rojo,800000,3.7205974553996866,3.7205974553996866
703,6,219732,20674447,No usar cinturón,300000,1.4510666234506782,1.4510666234506782
704,5,243275,13193553,Mal parqueo,400000,3.0317837810633725,3.0317837810633725
705,2,60657,2925565,Uso de celular,460000,15.723458545614266,10.0
706,2,94236,3059968,Mal parqueo,400000,13.072032125826153,10.0
707,5,206534,12878442,Semáforo en rojo,800000,6.211931536438957,6.211931536438957
708,6,294590,23582217,Semáforo en rojo,800000,3.392386729373239,3.392386729373239
709,1,35797,2569175,Mal parqueo,400000,15.569200229645702,10.0
710,1,38321,2259860,Uso de celular,460000,20.355243245156778,10.0
711,5,164396,13800385,No usar cinturón,300000,2.173852396146919,2.173852396146919
712,4,174911,6235087,Semáforo en rojo,800000,12.83061487353745,10.0
713,1,47664,1772230,No usar cinturón,300000,16.92782539512366,10.0
714,6,203896,21432854,Mal parqueo,400000,1.8662936816534093,1.8662936816534093
715,3,131709,5790636,Uso de celular,460000,7.943859707292947,7.943859707292947
716,5,219439,8722361,Exceso de velocidad,500000,5.732392869316002,5.732392869316002
717,3,102532,4643967,Semáforo en rojo,800000,17.226651266040435,10.0
718,3,122429,5237410,Semáforo en rojo,800000,15.274725484542934,10.0
719,3,129223,5436400,Semáforo en rojo,800000,14.715620631300125,10.0
720,4,188155,6669062,Semáforo en rojo,800000,11.995689948601468,10.0
721,1,37417,2662326,Uso de celular,460000,17.278124467101325,10.0
722,6,249436,19465527,Exceso de velocidad,500000,2.5686435306888944,2.5686435306888944
723,3,119814,5486285,Uso de celular,460000,8.384544368365843,8.384544368365843
724,6,253080,24377621,Mal parqueo,400000,1.6408492034559075,1.6408492034559075
725,1,44613,2309854,Exceso de velocidad,500000,21.646389771821077,10.0
726,4,165531,7541607,Exceso de velocidad,500000,6.62988670716997,6.62988670716997
727,1,39318,2388482,No usar cinturón,300000,12.56027887168503,10.0
728,5,207467,9604089,Semáforo en rojo,800000,8.329785365379268,8.329785365379268
729,2,79010,3435784,Mal parqueo,400000,11.642175410328473,10.0
730,5,203250,12215328,Uso de celular,460000,3.765760526446772,3.765760526446772
731,1,37355,2158617,Mal parqueo,400000,18.530383111038226,10.0
732,6,283281,26286363,Semáforo en rojo,800000,3.0434031516646103,3.0434031516646103
733,2,79136,3895464,Mal parqueo,400000,10.268353140986543,10.0
734,3,137980,5462265,Semáforo en rojo,800000,14.645939001494801,10.0
735,2,80135,3830993,Semáforo en rojo,800000,20.882314324249613,10.0
736,1,46053,2545969,Mal parqueo,400000,15.711110386654353,10.0
737,3,139814,4960191,Semáforo en rojo,800000,16.128411184166094,10.0
738,2,60257,3645445,No usar cinturón,300000,8.229447982345091,8.229447982345091
739,1,44027,2226740,No usar cinturón,300000,13.47261018349695,10.0
740,4,188076,7702280,Mal parqueo,400000,5.193267448080309,5.193267448080309
741,6,226764,17081304,No usar cinturón,300000,1.7563061930166455,1.7563061930166455
742,5,156065,14118122,Uso de celular,460000,3.2582237212569773,3.2582237212569773
743,5,172382,10517731,No usar cinturón,300000,2.852326228917625,2.852326228917625
744,4,162050,8375938,Semáforo en rojo,800000,9.551169075033746,9.551169075033746
745,3,92896,5424621,Mal parqueo,400000,7.373787035075814,7.373787035075814
746,5,233176,11217125,Mal parqueo,400000,3.565976130247278,3.565976130247278
747,5,198461,14028060,Mal parqueo,400000,2.851427781175729,2.851427781175729
748,5,209652,13781449,Exceso de velocidad,500000,3.6280655248950966,3.6280655248950966
749,2,80625,4300447,Uso de celular,460000,10.696562473621928,10.0
750,1,44603,1877428,Mal parqueo,400000,21.305743815475214,10.0
751,5,205889,12531654,No usar cinturón,300000,2.3939377834721576,2.3939377834721576
752,3,101954,4466812,Uso de celular,460000,10.298172387823799,10.0
753,5,166267,12448752,No usar cinturón,300000,2.4098801229231652,2.4098801229231652
754,2,98994,3755964,Semáforo en rojo,800000,21.299458674257792,10.0
755,1,48499,2711024,Mal parqueo,400000,14.754572441999775,10.0
756,1,39799,2096058,Exceso de velocidad,500000,23.85430174165028,10.0
757,2,67379,3333006,Mal parqueo,400000,12.001178515730244,10.0
758,5,178340,11487866,No usar cinturón,300000,2.6114510736806995,2.6114510736806995
759,5,201853,14254001,Exceso de velocidad,500000,3.507787041687453,3.507787041687453
760,4,190500,7928478,Mal parqueo,400000,5.045104495465586,5.045104495465586
761,3,97383,4640861,No usar cinturón,300000,6.464317720354046,6.464317720354046
762,3,129495,4632563,Mal parqueo,400000,8.634529093290258,8.634529093290258
763,5,152921,11579178,Uso de celular,460000,3.972648144799225,3.972648144799225
764,6,273908,14837380,Semáforo en rojo,800000,5.3917874988710945,5.3917874988710945
765,6,282235,17847644,Uso de celular,460000,2.577370996418351,2.577370996418351
766,2,74561,3140000,Exceso de velocidad,500000,15.92356687898089,10.0
767,6,201007,21171602,Uso de celular,460000,2.1727217430216195,2.1727217430216195
768,5,213112,11644577,Semáforo en rojo,800000,6.870150800668844,6.870150800668844
769,6,199916,25098705,Exceso de velocidad,500000,1.9921346539592382,1.9921346539592382
770,5,224917,10438775,Exceso de velocidad,500000,4.789834056199123,4.789834056199123
771,1,36937,2166133,Mal parqueo,400000,18.466086800764312,10.0
772,5,225887,11683283,No usar cinturón,300000,2.567771404664254,2.567771404664254
773,6,280838,19898677,Mal parqueo,400000,2.0101838931301814,2.0101838931301814
774,2,61258,4052614,Exceso de velocidad,500000,12.337715854507733,10.0
775,3,95217,5671762,No usar cinturón,300000,5.2893615775838265,5.2893615775838265
776,6,262368,22375309,Semáforo en rojo,800000,3.5753696183592374,3.5753696183592374
777,5,224837,9230394,Exceso de velocidad,500000,5.416886863117652,5.416886863117652
778,1,31473,2415775,No usar cinturón,300000,12.418375055623972,10.0
779,3,99437,5634382,No usar cinturón,300000,5.324452619648437,5.324452619648437
780,2,65349,4228896,Exceso de velocidad,500000,11.823416797197188,10.0
781,2,80647,3788539,No usar cinturón,300000,7.918619816240509,7.918619816240509
782,3,134469,4898600,Mal parqueo,400000,8.16559833421794,8.16559833421794
783,2,80408,4223700,No usar cinturón,300000,7.102777185879678,7.102777185879678
784,6,258015,16383872,Uso de celular,460000,2.807639122180642,2.807639122180642
785,1,41656,1525087,No usar cinturón,300000,19.671008932605154,10.0
786,5,169892,9672766,Semáforo en rojo,800000,8.270643578062366,8.270643578062366
787,2,67087,3260121,Uso de celular,460000,14.109905736627567,10.0
788,6,230242,17701002,Semáforo en rojo,800000,4.5195181606103425,4.5195181606103425
789,2,93996,3790249,Exceso de velocidad,500000,13.191745449969119,10.0
790,5,186910,9901735,Uso de celular,460000,4.6456504844858,4.6456504844858
791,4,160374,7460490,Exceso de velocidad,500000,6.701972658632342,6.701972658632342
792,5,156752,9586366,Semáforo en rojo,800000,8.345185234947214,8.345185234947214
793,1,36124,2062484,Mal parqueo,400000,19.394089845060616,10.0
794,1,31257,2600060,Uso de celular,460000,17.691899417705745,10.0
795,5,237765,14216240,No usar cinturón,300000,2.1102626292184152,2.1102626292184152
796,4,181359,8090493,Exceso de velocidad,500000,6.180093104338635,6.180093104338635
797,6,227520,26116559,Mal parqueo,400000,1.5315953376553166,1.5315953376553166
798,2,97153,3025231,Exceso de velocidad,500000,16.527663507348695,10.0
799,5,208264,12911077,Exceso de velocidad,500000,3.872643622216799,3.872643622216799
800,1,31075,2243044,Exceso de velocidad,500000,22.29113650913669,10.0
801,3,126439,4796268,Uso de celular,460000,9.590790172692602,9.590790172692602
802,4,129277,6725819,Semáforo en rojo,800000,11.894462220883433,10.0
803,6,276446,25967002,Mal parqueo,400000,1.540416564068505,1.540416564068505
804,6,218543,25291512,Exceso de velocidad,500000,1.9769478392592739,1.9769478392592739
805,5,183830,8872466,Exceso de velocidad,500000,5.63541184604145,5.63541184604145
806,2,63204,3465590,Uso de celular,460000,13.273353166416108,10.0
807,2,81567,3991064,Semáforo en rojo,800000,20.04478003860625,10.0
808,3,102295,5682564,Mal parqueo,400000,7.039076022724953,7.039076022724953
809,2,74253,3929942,Exceso de velocidad,500000,12.722834077449487,10.0
810,4,180851,7769632,No usar cinturón,300000,3.8611867331683145,3.8611867331683145
811,1,34308,1962116,Uso de celular,460000,23.444077720175567,10.0
812,2,62109,3798952,Exceso de velocidad,500000,13.16152454676974,10.0
813,1,37298,2801322,Uso de celular,460000,16.420818456428787,10.0
814,1,41805,1459865,Uso de celular,460000,31.50976288903426,10.0
815,2,72436,3447627,Semáforo en rojo,800000,23.20436636561902,10.0
816,2,80602,3434949,Exceso de velocidad,500000,14.556256876011842,10.0
817,4,169653,7733107,Mal parqueo,400000,5.1725651798171155,5.1725651798171155
818,6,265059,14883182,Semáforo en rojo,800000,5.375194632438144,5.375194632438144
819,4,190804,5961878,Semáforo en rojo,800000,13.418590585047193,10.0
820,1,35555,2778257,Mal parqueo,400000,14.397516140515437,10.0
821,6,212917,20962967,Semáforo en rojo,800000,3.8162536820288846,3.8162536820288846
822,1,33830,2107044,Uso de celular,460000,21.831532706483586,10.0
823,3,127811,5675928,Semáforo en rojo,800000,14.09461148908161,10.0
824,3,108979,4815205,No usar cinturón,300000,6.230264339732161,6.230264339732161
825,5,205673,13186413,Mal parqueo,400000,3.0334253902103625,3.0334253902103625
826,2,99379,4031675,Exceso de velocidad,500000,12.40179329931108,10.0
827,2,70105,3395055,Semáforo en rojo,800000,23.56368306257189,10.0
828,4,127930,8069149,Semáforo en rojo,800000,9.914304470025277,9.914304470025277
829,1,37467,1779155,Uso de celular,460000,25.854970477558165,10.0
830,1,42567,2400405,No usar cinturón,300000,12.497890980896974,10.0
831,1,38799,2079864,Mal parqueo,400000,19.232026709438692,10.0
832,2,77688,4298046,No usar cinturón,300000,6.979915989731148,6.979915989731148
833,3,122383,4429594,Exceso de velocidad,500000,11.287716210560156,10.0
834,2,84683,4028293,Exceso de velocidad,500000,12.41220536837812,10.0
835,1,31278,2012219,No usar cinturón,300000,14.90891398997823,10.0
836,5,166362,11950847,Mal parqueo,400000,3.347043100794446,3.347043100794446
837,4,177982,6031407,Mal parqueo,400000,6.63195171541234,6.63195171541234
838,2,67379,4296483,Mal parqueo,400000,9.309940246476014,9.309940246476014
839,5,165660,12890881,Uso de celular,460000,3.568413981945842,3.568413981945842
840,3,148081,5379656,Mal parqueo,400000,7.435419662521173,7.435419662521173
841,2,82471,3885007,Exceso de velocidad,500000,12.869989680842272,10.0
842,5,181453,11631004,Semáforo en rojo,800000,6.878168041211231,6.878168041211231
843,4,187167,6351743,Exceso de velocidad,500000,7.871855016804048,7.871855016804048
844,4,141325,5908075,Semáforo en rojo,800000,13.540789512658522,10.0
845,4,183239,7817158,No usar cinturón,300000,3.83771186408155,3.83771186408155
846,4,156344,8059310,No usar cinturón,300000,3.7224030345029537,3.7224030345029537
847,6,223485,21159030,No usar cinturón,300000,1.417834371424399,1.417834371424399
848,5,178400,11835276,Uso de celular,460000,3.886685870274593,3.886685870274593
849,6,201810,15963786,No usar cinturón,300000,1.8792534552893654,1.8792534552893654
850,2,92984,3661083,Semáforo en rojo,800000,21.851457615137377,10.0
851,5,248001,11942532,Semáforo en rojo,800000,6.698746965886296,6.698746965886296
852,2,87780,3824508,No usar cinturón,300000,7.844146227436314,7.844146227436314
853,6,267873,26029169,Mal parqueo,400000,1.5367374963065474,1.5367374963065474
854,1,33206,2468885,Uso de celular,460000,18.63189253448419,10.0
855,4,154873,8138971,Semáforo en rojo,800000,9.82925237109212,9.82925237109212
856,6,206075,22580853,Semáforo en rojo,800000,3.5428245336878996,3.5428245336878996
857,2,99930,4261071,Exceso de velocidad,500000,11.734139140136365,10.0
858,5,249740,13346172,No usar cinturón,300000,2.2478355591401042,2.2478355591401042
859,2,82848,4339873,No usar cinturón,300000,6.912644678772859,6.912644678772859
860,3,142399,5751873,Mal parqueo,400000,6.954256465676485,6.954256465676485
861,5,245680,12190146,Mal parqueo,400000,3.2813388781397697,3.2813388781397697
862,3,125481,4664706,Mal parqueo,400000,8.575031309583068,8.575031309583068
863,2,74182,3784244,Semáforo en rojo,800000,21.14028588008596,10.0
864,4,187347,8355488,Semáforo en rojo,800000,9.574545496325289,9.574545496325289
865,1,37054,2786455,Semáforo en rojo,800000,28.710314718881158,10.0
866,1,36990,1671875,No usar cinturón,300000,17.94392523364486,10.0
867,1,36563,1573209,Exceso de velocidad,500000,31.782172616607202,10.0
868,5,168991,9704255,Exceso de velocidad,500000,5.1523790337331405,5.1523790337331405
869,6,273415,26627035,Semáforo en rojo,800000,3.0044651986223774,3.0044651986223774
870,2,70509,3994690,Mal parqueo,400000,10.013292645987548,10.0
871,3,121409,5323463,No usar cinturón,300000,5.635429418782473,5.635429418782473
872,2,88217,3294076,No usar cinturón,300000,9.1072579989047,9.1072579989047
873,4,120204,6521235,Semáforo en rojo,800000,12.267614953302557,10.0
874,5,209103,13728514,No usar cinturón,300000,2.185232866426767,2.185232866426767
875,4,198904,5862333,Exceso de velocidad,500000,8.5290276072683,8.5290276072683
876,4,146713,8388393,Mal parqueo,400000,4.768493798514209,4.768493798514209
877,6,295251,28407081,Mal parqueo,400000,1.4080996213584915,1.4080996213584915
878,1,43247,2028294,Exceso de velocidad,500000,24.651258643963843,10.0
879,2,61631,4085747,No usar cinturón,300000,7.342598550522096,7.342598550522096
880,2,64771,3430328,Mal parqueo,400000,11.6606925052065,10.0
881,3,99212,4482036,Semáforo en rojo,800000,17.849031109968774,10.0
882,1,30452,2128330,Semáforo en rojo,800000,37.58815597205321,10.0
883,5,198336,9079815,Mal parqueo,400000,4.40537610072452,4.40537610072452
884,4,121488,7803721,Exceso de velocidad,500000,6.40719984735487,6.40719984735487
885,1,30412,2002322,Uso de celular,460000,22.973327966231206,10.0
886,5,158908,12604129,Uso de celular,460000,3.6495976834258044,3.6495976834258044
887,1,42733,1489518,Uso de celular,460000,30.882473390721028,10.0
888,3,146733,4600450,No usar cinturón,300000,6.5211011966220696,6.5211011966220696
889,5,230375,13848829,No usar cinturón,300000,2.166248135492178,2.166248135492178
890,2,87646,3083391,Semáforo en rojo,800000,25.945460695708068,10.0
891,4,157002,6308534,No usar cinturón,300000,4.755462996632815,4.755462996632815
892,5,214417,9759373,Semáforo en rojo,800000,8.19724791746355,8.19724791746355
893,3,127472,5174932,Uso de celular,460000,8.889005691282513,8.889005691282513
894,4,167788,7023211,Exceso de velocidad,500000,7.11925072449055,7.11925072449055
895,2,93267,2931854,Exceso de velocidad,500000,17.05405521557349,10.0
896,6,253200,19386379,No usar cinturón,300000,1.5474782578015214,1.5474782578015214
897,2,92824,4092885,Exceso de velocidad,500000,12.216321738822371,10.0
898,1,44990,1876996,Semáforo en rojo,800000,42.62129487755967,10.0
899,3,119454,4470694,Semáforo en rojo,800000,17.894313500320084,10.0
900,6,192146,16554270,Uso de celular,460000,2.7787392618339557,2.7787392618339557
901,3,116407,4433374,Uso de celular,460000,10.375844672703002,10.0
902,1,30198,2352603,No usar cinturón,300000,12.751832757163022,10.0
903,6,231632,27976903,Semáforo en rojo,800000,2.859501639620368,2.859501639620368
904,2,77178,3606647,Semáforo en rojo,800000,22.181266977333795,10.0
905,3,101720,5541163,Exceso de velocidad,500000,9.023376500564954,9.023376500564954
906,3,128610,4663214,Mal parqueo,400000,8.577774899457756,8.577774899457756
907,4,199677,8092870,Semáforo en rojo,800000,9.88524466598376,9.88524466598376
908,2,72245,3319320,Uso de celular,460000,13.858260125567886,10.0
909,1,33696,1834090,Uso de celular,460000,25.080557660747292,10.0
910,5,208453,9188168,Mal parqueo,400000,4.353424970026669,4.353424970026669
911,1,30753,1717599,Semáforo en rojo,800000,46.576645654777394,10.0
912,1,47345,1955583,Mal parqueo,400000,20.454258397623622,10.0
913,4,189143,6008546,No usar cinturón,300000,4.992888462533199,4.992888462533199
914,1,31248,1734624,Mal parqueo,400000,23.059752430497905,10.0
915,1,49518,1767134,Mal parqueo,400000,22.635521697845213,10.0
916,4,194540,8498191,No usar cinturón,300000,3.530163066469087,3.530163066469087
917,1,49810,2197480,Exceso de velocidad,500000,22.75333563900468,10.0
918,5,239120,12266776,Uso de celular,460000,3.7499665763848626,3.7499665763848626
919,4,181648,6753081,Exceso de velocidad,500000,7.404027880015063,7.404027880015063
920,6,187981,26935579,Uso de celular,460000,1.7077783997143703,1.7077783997143703
921,2,75761,3466576,Exceso de velocidad,500000,14.423454151877818,10.0
922,4,128367,6692758,Semáforo en rojo,800000,11.953218688020693,10.0
923,5,244865,10595693,Uso de celular,460000,4.3413866370043,4.3413866370043
924,4,131833,7605595,Exceso de velocidad,500000,6.574107614197181,6.574107614197181
925,2,77794,3549847,Semáforo en rojo,800000,22.536182545332238,10.0
926,4,171514,7489055,No usar cinturón,300000,4.005845864398112,4.005845864398112
927,2,62830,3922552,Semáforo en rojo,800000,20.394885778442198,10.0
928,5,166991,9220469,Exceso de velocidad,500000,5.422717651347236,5.422717651347236
929,5,181813,13000223,No usar cinturón,300000,2.307652722572528,2.307652722572528
930,6,260166,24853241,Semáforo en rojo,800000,3.2188960787850567,3.2188960787850567
931,3,143942,5227137,Mal parqueo,400000,7.652372608561819,7.652372608561819
932,6,280250,16124062,Exceso de velocidad,500000,3.1009555780671145,3.1009555780671145
933,2,60580,4309470,Mal parqueo,400000,9.281883851146429,9.281883851146429
934,1,36752,1822474,Semáforo en rojo,800000,43.89637383029881,10.0
935,6,277090,19285550,Uso de celular,460000,2.385205503602438,2.385205503602438
936,6,213054,15223572,Semáforo en rojo,800000,5.255008482897443,5.255008482897443
937,6,209453,16516232,Semáforo en rojo,800000,4.843719802434357,4.843719802434357
938,4,147365,6669884,No usar cinturón,300000,4.497829347556869,4.497829347556869
939,5,209433,14120242,Mal parqueo,400000,2.8328126387635564,2.8328126387635564
940,6,246816,24708931,Uso de celular,460000,1.8616750356379237,1.8616750356379237
941,3,104195,5346151,Semáforo en rojo,800000,14.964036743444023,10.0
942,2,67630,3999755,Exceso de velocidad,500000,12.500765671897405,10.0
943,3,116828,5401676,Semáforo en rojo,800000,14.810218161918634,10.0
944,2,81860,3963094,Exceso de velocidad,500000,12.616405263160551,10.0
945,3,114322,4568160,Exceso de velocidad,500000,10.945325908024238,10.0
946,1,33519,1520261,Mal parqueo,400000,26.31127155139808,10.0
947,2,60617,3363426,Exceso de velocidad,500000,14.865794579693445,10.0
948,6,212878,14936135,Uso de celular,460000,3.079779340505425,3.079779340505425
949,4,198251,6610165,Semáforo en rojo,800000,12.102572326106836,10.0
950,1,43571,1811813,Semáforo en rojo,800000,44.15466717591716,10.0
951,4,170524,8187127,Mal parqueo,400000,4.885718763126552,4.885718763126552
952,2,85186,3006560,Mal parqueo,400000,13.304241392155818,10.0
953,1,40351,1709729,Mal parqueo,400000,23.395520576652792,10.0
954,5,197739,9211391,Semáforo en rojo,800000,8.684898947401104,8.684898947401104
955,2,87272,3489982,Uso de celular,460000,13.180583739400376,10.0
956,3,102507,5534058,Exceso de velocidad,500000,9.034961324944552,9.034961324944552
957,1,37130,1657620,Exceso de velocidad,500000,30.16372871948939,10.0
958,1,41330,2224788,Semáforo en rojo,800000,35.95848233629451,10.0
959,5,183932,9898738,Mal parqueo,400000,4.04091915555296,4.04091915555296
960,4,171596,8360736,Exceso de velocidad,500000,5.980334745649187,5.980334745649187
961,1,32466,2521689,Exceso de velocidad,500000,19.827980373471906,10.0
962,3,102795,4675764,No usar cinturón,300000,6.416063770541028,6.416063770541028
963,3,119820,5593287,Exceso de velocidad,500000,8.939287399341389,8.939287399341389
964,3,119180,5538966,Uso de celular,460000,8.304799126768426,8.304799126768426
965,5,204213,10190470,Uso de celular,460000,4.5140214337513385,4.5140214337513385
966,6,247060,19689963,Semáforo en rojo,800000,4.062983764875535,4.062983764875535
967,1,42450,1606485,Semáforo en rojo,800000,49.79816182535162,10.0
968,3,91511,5210393,Exceso de velocidad,500000,9.596205123106836,9.596205123106836
969,1,44822,2374391,Uso de celular,460000,19.373388797380045,10.0
970,3,96483,5567992,Mal parqueo,400000,7.183918367698803,7.183918367698803
971,3,149320,4972480,Semáforo en rojo,800000,16.08855138683313,10.0
972,5,197162,14185805,Mal parqueo,400000,2.819720135727229,2.819720135727229
973,5,220076,12122503,Mal parqueo,400000,3.2996485956736823,3.2996485956736823
974,2,71282,4261267,Exceso de velocidad,500000,11.733599420078582,10.0
975,2,73509,3019011,Semáforo en rojo,800000,26.498744125145617,10.0
976,1,32824,1549211,Mal parqueo,400000,25.819594619454676,10.0
977,4,129515,8492301,Exceso de velocidad,500000,5.887685799172686,5.887685799172686
978,4,135686,7511465,Semáforo en rojo,800000,10.650385776942315,10.0
979,6,261829,23494259,Mal parqueo,400000,1.7025435873504247,1.7025435873504247
980,5,228166,12670363,Uso de celular,460000,3.6305195044530296,3.6305195044530296
981,2,66348,3453582,Uso de celular,460000,13.319504213306649,10.0
982,1,39365,2322117,Mal parqueo,400000,17.22566089477834,10.0
983,3,101191,4591511,Mal parqueo,400000,8.711729101814196,8.711729101814196
984,2,87316,2904493,Exceso de velocidad,500000,17.214708384561437,10.0
985,1,32904,2115074,Uso de celular,460000,21.74864803784643,10.0
986,1,49830,2359071,Semáforo en rojo,800000,33.911654206253225,10.0
987,5,173771,8954047,Mal parqueo,400000,4.467253745708505,4.467253745708505
988,5,226011,10894801,Mal parqueo,400000,3.671475963627055,3.671475963627055
989,3,109017,4646687,Mal parqueo,400000,8.608283708371147,8.608283708371147
990,3,139319,4566100,No usar cinturón,300000,6.570158340816014,6.570158340816014
991,6,295785,25515637,No usar cinturón,300000,1.175749600137359,1.175749600137359
992,1,39325,1607610,Exceso de velocidad,500000,31.10207077587226,10.0
993,2,64801,3134511,Uso de celular,460000,14.675335323436414,10.0
994,3,96489,4722998,Exceso de velocidad,500000,10.586496119625712,10.0
995,6,292452,17399807,Uso de celular,460000,2.643707484801412,2.643707484801412
996,3,112392,4609567,Exceso de velocidad,500000,10.847005803365045,10.0
997,4,187543,7849422,Mal parqueo,400000,5.095916616535587,5.095916616535587
998,4,145429,8259786,Uso de celular,460000,5.569151549446922,5.569151549446922
999,3,141581,5347665,No usar cinturón,300000,5.609925079450564,5.609925079450564
1000,3,147716,4609587,Semáforo en rojo,800000,17.35513398488845,10.0
